mode,window,updates,start_step,end_step,rollout_return_mean,rollout_return_std,timeout_rate_mean,timeout_rate_std,red_hits_mean,red_hits_std,red_effective_damage_mean,red_effective_damage_std,blue_hits_mean,blue_hits_std,blue_effective_damage_mean,blue_effective_damage_std,entropy_mean,entropy_std,support_survival_mean,support_survival_std,support_coverage_mean,support_coverage_std,relay_visible_mean,relay_visible_std,mission_success_mean,mission_success_std
homogeneous_control,all,147,2048,301056,-94.74435130999017,16.530721559734985,0.6933282259512752,0.3029938119063942,0.010140419804285353,0.09957232828447894,0.19503255847793666,1.7863123307224933,7.8607031701569525,6.4724719747009765,149.5933076838239,121.70510479210519,2.3321587524631355,0.16370630510573625,0.0,0.0,0.0,0.0,0.0,0.0,0.0,0.0
homogeneous_control,last_10,10,282624,301056,-77.54943189934247,11.119727289103528,0.9833333333333334,0.05270462766947298,0.0,0.0,0.0,0.0,2.7708333333333335,2.596172544866009,55.92666666666666,50.05547737076148,2.1114943758184923,0.05031603772774958,0.0,0.0,0.0,0.0,0.0,0.0,0.0,0.0
homogeneous_control,last_30,30,241664,301056,-79.73033267405822,10.522141272397489,0.9696825396825397,0.0872197954911574,0.0,0.0,0.0,0.0,2.83686507936508,2.7649382879820203,55.14119047619048,52.90243406836892,2.149493288490089,0.057719479309589976,0.0,0.0,0.0,0.0,0.0,0.0,0.0,0.0
homogeneous_control,best_20_return,20,260096,299008,-77.89466255497118,11.2025146544297,0.9545238095238094,0.10433353980549431,0.0,0.0,0.0,0.0,2.7561309523809525,3.0412011761924713,52.619285714285716,56.43822328915712,2.126985023048004,0.05647264139695695,0.0,0.0,0.0,0.0,0.0,0.0,0.0,0.0
homogeneous_control,best_20_red_damage,20,2048,40960,-115.36623679997585,10.165840301406584,0.18659738137679313,0.2355380880556727,0.06203208556149734,0.2638973913141952,1.0459893048128346,4.527810460045379,15.047438141923436,6.586332117795692,284.65948211102625,119.92844767148239,2.618714657705435,0.04410276595203262,0.0,0.0,0.0,0.0,0.0,0.0,0.0,0.0
homogeneous_control,best_20_mission_success,20,2048,40960,-115.36623679997585,10.165840301406584,0.18659738137679313,0.2355380880556727,0.06203208556149734,0.2638973913141952,1.0459893048128346,4.527810460045379,15.047438141923436,6.586332117795692,284.65948211102625,119.92844767148239,2.618714657705435,0.04410276595203262,0.0,0.0,0.0,0.0,0.0,0.0,0.0,0.0
heterogeneous_no_relay,all,147,2048,301056,-80.52260087881783,17.86322999146168,0.6916035967056374,0.3267901312470974,0.0,0.0,0.0,0.0,6.918437835784775,5.6017568794935215,131.03979703214398,105.28060263250286,2.321659708363906,0.15558842669779882,0.027896555447575855,0.088559955495531,0.8970369407836616,0.15791914282695294,0.0,0.0,0.0,0.0
heterogeneous_no_relay,last_10,10,282624,301056,-62.70290259098575,8.50860796346641,0.9800000000000001,0.06324555320336758,0.0,0.0,0.0,0.0,0.9233333333333335,1.1969147581476323,20.756666666666668,26.735291560310593,2.0542745923748726,0.04001595012291382,0.0,0.0,0.9957092720549211,0.005847208862186391,0.0,0.0,0.0,0.0
heterogeneous_no_relay,last_30,30,241664,301056,-73.62568488864918,12.081717845265048,0.7898593073593074,0.24603031242883688,0.0,0.0,0.0,0.0,1.8070117845117848,2.1635808506063965,33.00389971139971,38.23891778954996,2.119369348771723,0.05606581017602084,0.0,0.0,0.9922748255406554,0.01109113213829569,0.0,0.0,0.0,0.0
heterogeneous_no_relay,best_20_return,20,102400,141312,-61.28201818011129,8.186485756571916,0.9633333333333333,0.09296921454869439,0.0,0.0,0.0,0.0,4.418095238095238,2.4162036298508953,87.24619047619048,46.85064216424161,2.3865152980007727,0.018542160164907208,0.0,0.0,0.98275608127759,0.026051264650909952,0.0,0.0,0.0,0.0
heterogeneous_no_relay,best_20_red_damage,20,2048,40960,-107.85421755298526,10.459887888122068,0.1368253968253968,0.17475773519057083,0.0,0.0,0.0,0.0,15.248306693306692,6.800243179795933,288.79362470862475,123.13253565640878,2.58853795075959,0.06711133244441764,0.030396825396825387,0.06558229169520058,0.7295420049582222,0.11372266287257703,0.0,0.0,0.0,0.0
heterogeneous_no_relay,best_20_mission_success,20,2048,40960,-107.85421755298526,10.459887888122068,0.1368253968253968,0.17475773519057083,0.0,0.0,0.0,0.0,15.248306693306692,6.800243179795933,288.79362470862475,123.13253565640878,2.58853795075959,0.06711133244441764,0.030396825396825387,0.06558229169520058,0.7295420049582222,0.11372266287257703,0.0,0.0,0.0,0.0
heterogeneous_relay,all,147,2048,301056,-94.06967405017546,17.62660978827762,0.4596964571154247,0.32420487163568257,0.060770975056689346,0.2561871575026473,1.128042328042328,4.6256950873519935,12.12397916209441,7.176656651193462,228.12961176478584,137.26020228162008,2.3405187281961797,0.1275286862702101,0.015103660511823774,0.10501823688287892,0.9056496326031198,0.13344136157266215,0.4950272263610255,0.28366752404409235,0.0,0.0
heterogeneous_relay,last_10,10,282624,301056,-84.88852722047922,8.048193958406399,0.5632142857142857,0.20699110326397094,0.0,0.0,0.0,0.0,5.65202380952381,3.205672275018121,107.55515873015875,61.6995106836894,2.2136026234485175,0.029983773648813997,0.0,0.0,0.975635933265492,0.018638106381404392,0.36678916340059187,0.08281933811286864,0.0,0.0
heterogeneous_relay,last_30,30,241664,301056,-86.97328322739583,10.969906241672083,0.5186243386243387,0.19862118037947946,0.02777777777777778,0.1521451548625461,0.3611111111111111,1.9778870132130997,6.120462962962964,4.291916597560789,115.54394179894182,79.80066455584395,2.213823198923001,0.03821937348649046,0.0,0.0,0.9864108602786275,0.014412466839594056,0.3334513828060041,0.07917048727678733,0.0,0.0
heterogeneous_relay,best_20_return,20,79872,118784,-71.78585609189349,17.619994512571733,0.8766865079365079,0.1707469311890628,0.0,0.0,0.0,0.0,9.160575396825397,6.1600176185158375,169.0825,119.4299891531756,2.3682775977750476,0.026149800961050514,0.0,0.0,0.9106018425066187,0.06882526521285992,0.3010786718389424,0.07654771251299251,0.0,0.0
heterogeneous_relay,best_20_red_damage,20,129024,167936,-113.31459587130416,12.410700798922091,0.24518217893217892,0.2700870110097208,0.22041666666666665,0.5082972017645164,4.102361111111111,8.518455734762064,20.45223124098124,4.047775643334219,390.38951118326116,80.04477427079121,2.307390426652545,0.033975181382629116,0.0,0.0,0.976179369919597,0.01886930693990789,0.405443896958785,0.13721005699556912,0.0,0.0
heterogeneous_relay,best_20_mission_success,20,2048,40960,-108.47685331992332,6.095806801769641,0.041701860231271995,0.06884583347513869,0.08125,0.2309697804339005,1.64375,4.845955143209644,16.496376711523773,6.285036894267157,317.3149408434702,126.26193091725533,2.5865625382338058,0.07407074358409792,0.0,0.0,0.8195342963648559,0.08105102248834381,1.058334046185246,0.1977890557310176,0.0,0.0
